"K","dist","beta_x","J","n_j","ICC","cond_id","N_total"
3,"symmetric",0,20,5,0.05,1,100
5,"symmetric",0,20,5,0.05,2,100
7,"symmetric",0,20,5,0.05,3,100
3,"skewed",0,20,5,0.05,4,100
5,"skewed",0,20,5,0.05,5,100
7,"skewed",0,20,5,0.05,6,100
3,"polarized",0,20,5,0.05,7,100
5,"polarized",0,20,5,0.05,8,100
7,"polarized",0,20,5,0.05,9,100
3,"symmetric",0.2,20,5,0.05,10,100
5,"symmetric",0.2,20,5,0.05,11,100
7,"symmetric",0.2,20,5,0.05,12,100
3,"skewed",0.2,20,5,0.05,13,100
5,"skewed",0.2,20,5,0.05,14,100
7,"skewed",0.2,20,5,0.05,15,100
3,"polarized",0.2,20,5,0.05,16,100
5,"polarized",0.2,20,5,0.05,17,100
7,"polarized",0.2,20,5,0.05,18,100
3,"symmetric",0.5,20,5,0.05,19,100
5,"symmetric",0.5,20,5,0.05,20,100
7,"symmetric",0.5,20,5,0.05,21,100
3,"skewed",0.5,20,5,0.05,22,100
5,"skewed",0.5,20,5,0.05,23,100
7,"skewed",0.5,20,5,0.05,24,100
3,"polarized",0.5,20,5,0.05,25,100
5,"polarized",0.5,20,5,0.05,26,100
7,"polarized",0.5,20,5,0.05,27,100
3,"symmetric",0,50,5,0.05,28,250
5,"symmetric",0,50,5,0.05,29,250
7,"symmetric",0,50,5,0.05,30,250
3,"skewed",0,50,5,0.05,31,250
5,"skewed",0,50,5,0.05,32,250
7,"skewed",0,50,5,0.05,33,250
3,"polarized",0,50,5,0.05,34,250
5,"polarized",0,50,5,0.05,35,250
7,"polarized",0,50,5,0.05,36,250
3,"symmetric",0.2,50,5,0.05,37,250
5,"symmetric",0.2,50,5,0.05,38,250
7,"symmetric",0.2,50,5,0.05,39,250
3,"skewed",0.2,50,5,0.05,40,250
5,"skewed",0.2,50,5,0.05,41,250
7,"skewed",0.2,50,5,0.05,42,250
3,"polarized",0.2,50,5,0.05,43,250
5,"polarized",0.2,50,5,0.05,44,250
7,"polarized",0.2,50,5,0.05,45,250
3,"symmetric",0.5,50,5,0.05,46,250
5,"symmetric",0.5,50,5,0.05,47,250
7,"symmetric",0.5,50,5,0.05,48,250
3,"skewed",0.5,50,5,0.05,49,250
5,"skewed",0.5,50,5,0.05,50,250
7,"skewed",0.5,50,5,0.05,51,250
3,"polarized",0.5,50,5,0.05,52,250
5,"polarized",0.5,50,5,0.05,53,250
7,"polarized",0.5,50,5,0.05,54,250
3,"symmetric",0,100,5,0.05,55,500
5,"symmetric",0,100,5,0.05,56,500
7,"symmetric",0,100,5,0.05,57,500
3,"skewed",0,100,5,0.05,58,500
5,"skewed",0,100,5,0.05,59,500
7,"skewed",0,100,5,0.05,60,500
3,"polarized",0,100,5,0.05,61,500
5,"polarized",0,100,5,0.05,62,500
7,"polarized",0,100,5,0.05,63,500
3,"symmetric",0.2,100,5,0.05,64,500
5,"symmetric",0.2,100,5,0.05,65,500
7,"symmetric",0.2,100,5,0.05,66,500
3,"skewed",0.2,100,5,0.05,67,500
5,"skewed",0.2,100,5,0.05,68,500
7,"skewed",0.2,100,5,0.05,69,500
3,"polarized",0.2,100,5,0.05,70,500
5,"polarized",0.2,100,5,0.05,71,500
7,"polarized",0.2,100,5,0.05,72,500
3,"symmetric",0.5,100,5,0.05,73,500
5,"symmetric",0.5,100,5,0.05,74,500
7,"symmetric",0.5,100,5,0.05,75,500
3,"skewed",0.5,100,5,0.05,76,500
5,"skewed",0.5,100,5,0.05,77,500
7,"skewed",0.5,100,5,0.05,78,500
3,"polarized",0.5,100,5,0.05,79,500
5,"polarized",0.5,100,5,0.05,80,500
7,"polarized",0.5,100,5,0.05,81,500
3,"symmetric",0,20,10,0.05,82,200
5,"symmetric",0,20,10,0.05,83,200
7,"symmetric",0,20,10,0.05,84,200
3,"skewed",0,20,10,0.05,85,200
5,"skewed",0,20,10,0.05,86,200
7,"skewed",0,20,10,0.05,87,200
3,"polarized",0,20,10,0.05,88,200
5,"polarized",0,20,10,0.05,89,200
7,"polarized",0,20,10,0.05,90,200
3,"symmetric",0.2,20,10,0.05,91,200
5,"symmetric",0.2,20,10,0.05,92,200
7,"symmetric",0.2,20,10,0.05,93,200
3,"skewed",0.2,20,10,0.05,94,200
5,"skewed",0.2,20,10,0.05,95,200
7,"skewed",0.2,20,10,0.05,96,200
3,"polarized",0.2,20,10,0.05,97,200
5,"polarized",0.2,20,10,0.05,98,200
7,"polarized",0.2,20,10,0.05,99,200
3,"symmetric",0.5,20,10,0.05,100,200
5,"symmetric",0.5,20,10,0.05,101,200
7,"symmetric",0.5,20,10,0.05,102,200
3,"skewed",0.5,20,10,0.05,103,200
5,"skewed",0.5,20,10,0.05,104,200
7,"skewed",0.5,20,10,0.05,105,200
3,"polarized",0.5,20,10,0.05,106,200
5,"polarized",0.5,20,10,0.05,107,200
7,"polarized",0.5,20,10,0.05,108,200
3,"symmetric",0,50,10,0.05,109,500
5,"symmetric",0,50,10,0.05,110,500
7,"symmetric",0,50,10,0.05,111,500
3,"skewed",0,50,10,0.05,112,500
5,"skewed",0,50,10,0.05,113,500
7,"skewed",0,50,10,0.05,114,500
3,"polarized",0,50,10,0.05,115,500
5,"polarized",0,50,10,0.05,116,500
7,"polarized",0,50,10,0.05,117,500
3,"symmetric",0.2,50,10,0.05,118,500
5,"symmetric",0.2,50,10,0.05,119,500
7,"symmetric",0.2,50,10,0.05,120,500
3,"skewed",0.2,50,10,0.05,121,500
5,"skewed",0.2,50,10,0.05,122,500
7,"skewed",0.2,50,10,0.05,123,500
3,"polarized",0.2,50,10,0.05,124,500
5,"polarized",0.2,50,10,0.05,125,500
7,"polarized",0.2,50,10,0.05,126,500
3,"symmetric",0.5,50,10,0.05,127,500
5,"symmetric",0.5,50,10,0.05,128,500
7,"symmetric",0.5,50,10,0.05,129,500
3,"skewed",0.5,50,10,0.05,130,500
5,"skewed",0.5,50,10,0.05,131,500
7,"skewed",0.5,50,10,0.05,132,500
3,"polarized",0.5,50,10,0.05,133,500
5,"polarized",0.5,50,10,0.05,134,500
7,"polarized",0.5,50,10,0.05,135,500
3,"symmetric",0,100,10,0.05,136,1000
5,"symmetric",0,100,10,0.05,137,1000
7,"symmetric",0,100,10,0.05,138,1000
3,"skewed",0,100,10,0.05,139,1000
5,"skewed",0,100,10,0.05,140,1000
7,"skewed",0,100,10,0.05,141,1000
3,"polarized",0,100,10,0.05,142,1000
5,"polarized",0,100,10,0.05,143,1000
7,"polarized",0,100,10,0.05,144,1000
3,"symmetric",0.2,100,10,0.05,145,1000
5,"symmetric",0.2,100,10,0.05,146,1000
7,"symmetric",0.2,100,10,0.05,147,1000
3,"skewed",0.2,100,10,0.05,148,1000
5,"skewed",0.2,100,10,0.05,149,1000
7,"skewed",0.2,100,10,0.05,150,1000
3,"polarized",0.2,100,10,0.05,151,1000
5,"polarized",0.2,100,10,0.05,152,1000
7,"polarized",0.2,100,10,0.05,153,1000
3,"symmetric",0.5,100,10,0.05,154,1000
5,"symmetric",0.5,100,10,0.05,155,1000
7,"symmetric",0.5,100,10,0.05,156,1000
3,"skewed",0.5,100,10,0.05,157,1000
5,"skewed",0.5,100,10,0.05,158,1000
7,"skewed",0.5,100,10,0.05,159,1000
3,"polarized",0.5,100,10,0.05,160,1000
5,"polarized",0.5,100,10,0.05,161,1000
7,"polarized",0.5,100,10,0.05,162,1000
3,"symmetric",0,20,20,0.05,163,400
5,"symmetric",0,20,20,0.05,164,400
7,"symmetric",0,20,20,0.05,165,400
3,"skewed",0,20,20,0.05,166,400
5,"skewed",0,20,20,0.05,167,400
7,"skewed",0,20,20,0.05,168,400
3,"polarized",0,20,20,0.05,169,400
5,"polarized",0,20,20,0.05,170,400
7,"polarized",0,20,20,0.05,171,400
3,"symmetric",0.2,20,20,0.05,172,400
5,"symmetric",0.2,20,20,0.05,173,400
7,"symmetric",0.2,20,20,0.05,174,400
3,"skewed",0.2,20,20,0.05,175,400
5,"skewed",0.2,20,20,0.05,176,400
7,"skewed",0.2,20,20,0.05,177,400
3,"polarized",0.2,20,20,0.05,178,400
5,"polarized",0.2,20,20,0.05,179,400
7,"polarized",0.2,20,20,0.05,180,400
3,"symmetric",0.5,20,20,0.05,181,400
5,"symmetric",0.5,20,20,0.05,182,400
7,"symmetric",0.5,20,20,0.05,183,400
3,"skewed",0.5,20,20,0.05,184,400
5,"skewed",0.5,20,20,0.05,185,400
7,"skewed",0.5,20,20,0.05,186,400
3,"polarized",0.5,20,20,0.05,187,400
5,"polarized",0.5,20,20,0.05,188,400
7,"polarized",0.5,20,20,0.05,189,400
3,"symmetric",0,50,20,0.05,190,1000
5,"symmetric",0,50,20,0.05,191,1000
7,"symmetric",0,50,20,0.05,192,1000
3,"skewed",0,50,20,0.05,193,1000
5,"skewed",0,50,20,0.05,194,1000
7,"skewed",0,50,20,0.05,195,1000
3,"polarized",0,50,20,0.05,196,1000
5,"polarized",0,50,20,0.05,197,1000
7,"polarized",0,50,20,0.05,198,1000
3,"symmetric",0.2,50,20,0.05,199,1000
5,"symmetric",0.2,50,20,0.05,200,1000
7,"symmetric",0.2,50,20,0.05,201,1000
3,"skewed",0.2,50,20,0.05,202,1000
5,"skewed",0.2,50,20,0.05,203,1000
7,"skewed",0.2,50,20,0.05,204,1000
3,"polarized",0.2,50,20,0.05,205,1000
5,"polarized",0.2,50,20,0.05,206,1000
7,"polarized",0.2,50,20,0.05,207,1000
3,"symmetric",0.5,50,20,0.05,208,1000
5,"symmetric",0.5,50,20,0.05,209,1000
7,"symmetric",0.5,50,20,0.05,210,1000
3,"skewed",0.5,50,20,0.05,211,1000
5,"skewed",0.5,50,20,0.05,212,1000
7,"skewed",0.5,50,20,0.05,213,1000
3,"polarized",0.5,50,20,0.05,214,1000
5,"polarized",0.5,50,20,0.05,215,1000
7,"polarized",0.5,50,20,0.05,216,1000
3,"symmetric",0,100,20,0.05,217,2000
5,"symmetric",0,100,20,0.05,218,2000
7,"symmetric",0,100,20,0.05,219,2000
3,"skewed",0,100,20,0.05,220,2000
5,"skewed",0,100,20,0.05,221,2000
7,"skewed",0,100,20,0.05,222,2000
3,"polarized",0,100,20,0.05,223,2000
5,"polarized",0,100,20,0.05,224,2000
7,"polarized",0,100,20,0.05,225,2000
3,"symmetric",0.2,100,20,0.05,226,2000
5,"symmetric",0.2,100,20,0.05,227,2000
7,"symmetric",0.2,100,20,0.05,228,2000
3,"skewed",0.2,100,20,0.05,229,2000
5,"skewed",0.2,100,20,0.05,230,2000
7,"skewed",0.2,100,20,0.05,231,2000
3,"polarized",0.2,100,20,0.05,232,2000
5,"polarized",0.2,100,20,0.05,233,2000
7,"polarized",0.2,100,20,0.05,234,2000
3,"symmetric",0.5,100,20,0.05,235,2000
5,"symmetric",0.5,100,20,0.05,236,2000
7,"symmetric",0.5,100,20,0.05,237,2000
3,"skewed",0.5,100,20,0.05,238,2000
5,"skewed",0.5,100,20,0.05,239,2000
7,"skewed",0.5,100,20,0.05,240,2000
3,"polarized",0.5,100,20,0.05,241,2000
5,"polarized",0.5,100,20,0.05,242,2000
7,"polarized",0.5,100,20,0.05,243,2000
3,"symmetric",0,20,5,0.15,244,100
5,"symmetric",0,20,5,0.15,245,100
7,"symmetric",0,20,5,0.15,246,100
3,"skewed",0,20,5,0.15,247,100
5,"skewed",0,20,5,0.15,248,100
7,"skewed",0,20,5,0.15,249,100
3,"polarized",0,20,5,0.15,250,100
5,"polarized",0,20,5,0.15,251,100
7,"polarized",0,20,5,0.15,252,100
3,"symmetric",0.2,20,5,0.15,253,100
5,"symmetric",0.2,20,5,0.15,254,100
7,"symmetric",0.2,20,5,0.15,255,100
3,"skewed",0.2,20,5,0.15,256,100
5,"skewed",0.2,20,5,0.15,257,100
7,"skewed",0.2,20,5,0.15,258,100
3,"polarized",0.2,20,5,0.15,259,100
5,"polarized",0.2,20,5,0.15,260,100
7,"polarized",0.2,20,5,0.15,261,100
3,"symmetric",0.5,20,5,0.15,262,100
5,"symmetric",0.5,20,5,0.15,263,100
7,"symmetric",0.5,20,5,0.15,264,100
3,"skewed",0.5,20,5,0.15,265,100
5,"skewed",0.5,20,5,0.15,266,100
7,"skewed",0.5,20,5,0.15,267,100
3,"polarized",0.5,20,5,0.15,268,100
5,"polarized",0.5,20,5,0.15,269,100
7,"polarized",0.5,20,5,0.15,270,100
3,"symmetric",0,50,5,0.15,271,250
5,"symmetric",0,50,5,0.15,272,250
7,"symmetric",0,50,5,0.15,273,250
3,"skewed",0,50,5,0.15,274,250
5,"skewed",0,50,5,0.15,275,250
7,"skewed",0,50,5,0.15,276,250
3,"polarized",0,50,5,0.15,277,250
5,"polarized",0,50,5,0.15,278,250
7,"polarized",0,50,5,0.15,279,250
3,"symmetric",0.2,50,5,0.15,280,250
5,"symmetric",0.2,50,5,0.15,281,250
7,"symmetric",0.2,50,5,0.15,282,250
3,"skewed",0.2,50,5,0.15,283,250
5,"skewed",0.2,50,5,0.15,284,250
7,"skewed",0.2,50,5,0.15,285,250
3,"polarized",0.2,50,5,0.15,286,250
5,"polarized",0.2,50,5,0.15,287,250
7,"polarized",0.2,50,5,0.15,288,250
3,"symmetric",0.5,50,5,0.15,289,250
5,"symmetric",0.5,50,5,0.15,290,250
7,"symmetric",0.5,50,5,0.15,291,250
3,"skewed",0.5,50,5,0.15,292,250
5,"skewed",0.5,50,5,0.15,293,250
7,"skewed",0.5,50,5,0.15,294,250
3,"polarized",0.5,50,5,0.15,295,250
5,"polarized",0.5,50,5,0.15,296,250
7,"polarized",0.5,50,5,0.15,297,250
3,"symmetric",0,100,5,0.15,298,500
5,"symmetric",0,100,5,0.15,299,500
7,"symmetric",0,100,5,0.15,300,500
3,"skewed",0,100,5,0.15,301,500
5,"skewed",0,100,5,0.15,302,500
7,"skewed",0,100,5,0.15,303,500
3,"polarized",0,100,5,0.15,304,500
5,"polarized",0,100,5,0.15,305,500
7,"polarized",0,100,5,0.15,306,500
3,"symmetric",0.2,100,5,0.15,307,500
5,"symmetric",0.2,100,5,0.15,308,500
7,"symmetric",0.2,100,5,0.15,309,500
3,"skewed",0.2,100,5,0.15,310,500
5,"skewed",0.2,100,5,0.15,311,500
7,"skewed",0.2,100,5,0.15,312,500
3,"polarized",0.2,100,5,0.15,313,500
5,"polarized",0.2,100,5,0.15,314,500
7,"polarized",0.2,100,5,0.15,315,500
3,"symmetric",0.5,100,5,0.15,316,500
5,"symmetric",0.5,100,5,0.15,317,500
7,"symmetric",0.5,100,5,0.15,318,500
3,"skewed",0.5,100,5,0.15,319,500
5,"skewed",0.5,100,5,0.15,320,500
7,"skewed",0.5,100,5,0.15,321,500
3,"polarized",0.5,100,5,0.15,322,500
5,"polarized",0.5,100,5,0.15,323,500
7,"polarized",0.5,100,5,0.15,324,500
3,"symmetric",0,20,10,0.15,325,200
5,"symmetric",0,20,10,0.15,326,200
7,"symmetric",0,20,10,0.15,327,200
3,"skewed",0,20,10,0.15,328,200
5,"skewed",0,20,10,0.15,329,200
7,"skewed",0,20,10,0.15,330,200
3,"polarized",0,20,10,0.15,331,200
5,"polarized",0,20,10,0.15,332,200
7,"polarized",0,20,10,0.15,333,200
3,"symmetric",0.2,20,10,0.15,334,200
5,"symmetric",0.2,20,10,0.15,335,200
7,"symmetric",0.2,20,10,0.15,336,200
3,"skewed",0.2,20,10,0.15,337,200
5,"skewed",0.2,20,10,0.15,338,200
7,"skewed",0.2,20,10,0.15,339,200
3,"polarized",0.2,20,10,0.15,340,200
5,"polarized",0.2,20,10,0.15,341,200
7,"polarized",0.2,20,10,0.15,342,200
3,"symmetric",0.5,20,10,0.15,343,200
5,"symmetric",0.5,20,10,0.15,344,200
7,"symmetric",0.5,20,10,0.15,345,200
3,"skewed",0.5,20,10,0.15,346,200
5,"skewed",0.5,20,10,0.15,347,200
7,"skewed",0.5,20,10,0.15,348,200
3,"polarized",0.5,20,10,0.15,349,200
5,"polarized",0.5,20,10,0.15,350,200
7,"polarized",0.5,20,10,0.15,351,200
3,"symmetric",0,50,10,0.15,352,500
5,"symmetric",0,50,10,0.15,353,500
7,"symmetric",0,50,10,0.15,354,500
3,"skewed",0,50,10,0.15,355,500
5,"skewed",0,50,10,0.15,356,500
7,"skewed",0,50,10,0.15,357,500
3,"polarized",0,50,10,0.15,358,500
5,"polarized",0,50,10,0.15,359,500
7,"polarized",0,50,10,0.15,360,500
3,"symmetric",0.2,50,10,0.15,361,500
5,"symmetric",0.2,50,10,0.15,362,500
7,"symmetric",0.2,50,10,0.15,363,500
3,"skewed",0.2,50,10,0.15,364,500
5,"skewed",0.2,50,10,0.15,365,500
7,"skewed",0.2,50,10,0.15,366,500
3,"polarized",0.2,50,10,0.15,367,500
5,"polarized",0.2,50,10,0.15,368,500
7,"polarized",0.2,50,10,0.15,369,500
3,"symmetric",0.5,50,10,0.15,370,500
5,"symmetric",0.5,50,10,0.15,371,500
7,"symmetric",0.5,50,10,0.15,372,500
3,"skewed",0.5,50,10,0.15,373,500
5,"skewed",0.5,50,10,0.15,374,500
7,"skewed",0.5,50,10,0.15,375,500
3,"polarized",0.5,50,10,0.15,376,500
5,"polarized",0.5,50,10,0.15,377,500
7,"polarized",0.5,50,10,0.15,378,500
3,"symmetric",0,100,10,0.15,379,1000
5,"symmetric",0,100,10,0.15,380,1000
7,"symmetric",0,100,10,0.15,381,1000
3,"skewed",0,100,10,0.15,382,1000
5,"skewed",0,100,10,0.15,383,1000
7,"skewed",0,100,10,0.15,384,1000
3,"polarized",0,100,10,0.15,385,1000
5,"polarized",0,100,10,0.15,386,1000
7,"polarized",0,100,10,0.15,387,1000
3,"symmetric",0.2,100,10,0.15,388,1000
5,"symmetric",0.2,100,10,0.15,389,1000
7,"symmetric",0.2,100,10,0.15,390,1000
3,"skewed",0.2,100,10,0.15,391,1000
5,"skewed",0.2,100,10,0.15,392,1000
7,"skewed",0.2,100,10,0.15,393,1000
3,"polarized",0.2,100,10,0.15,394,1000
5,"polarized",0.2,100,10,0.15,395,1000
7,"polarized",0.2,100,10,0.15,396,1000
3,"symmetric",0.5,100,10,0.15,397,1000
5,"symmetric",0.5,100,10,0.15,398,1000
7,"symmetric",0.5,100,10,0.15,399,1000
3,"skewed",0.5,100,10,0.15,400,1000
5,"skewed",0.5,100,10,0.15,401,1000
7,"skewed",0.5,100,10,0.15,402,1000
3,"polarized",0.5,100,10,0.15,403,1000
5,"polarized",0.5,100,10,0.15,404,1000
7,"polarized",0.5,100,10,0.15,405,1000
3,"symmetric",0,20,20,0.15,406,400
5,"symmetric",0,20,20,0.15,407,400
7,"symmetric",0,20,20,0.15,408,400
3,"skewed",0,20,20,0.15,409,400
5,"skewed",0,20,20,0.15,410,400
7,"skewed",0,20,20,0.15,411,400
3,"polarized",0,20,20,0.15,412,400
5,"polarized",0,20,20,0.15,413,400
7,"polarized",0,20,20,0.15,414,400
3,"symmetric",0.2,20,20,0.15,415,400
5,"symmetric",0.2,20,20,0.15,416,400
7,"symmetric",0.2,20,20,0.15,417,400
3,"skewed",0.2,20,20,0.15,418,400
5,"skewed",0.2,20,20,0.15,419,400
7,"skewed",0.2,20,20,0.15,420,400
3,"polarized",0.2,20,20,0.15,421,400
5,"polarized",0.2,20,20,0.15,422,400
7,"polarized",0.2,20,20,0.15,423,400
3,"symmetric",0.5,20,20,0.15,424,400
5,"symmetric",0.5,20,20,0.15,425,400
7,"symmetric",0.5,20,20,0.15,426,400
3,"skewed",0.5,20,20,0.15,427,400
5,"skewed",0.5,20,20,0.15,428,400
7,"skewed",0.5,20,20,0.15,429,400
3,"polarized",0.5,20,20,0.15,430,400
5,"polarized",0.5,20,20,0.15,431,400
7,"polarized",0.5,20,20,0.15,432,400
3,"symmetric",0,50,20,0.15,433,1000
5,"symmetric",0,50,20,0.15,434,1000
7,"symmetric",0,50,20,0.15,435,1000
3,"skewed",0,50,20,0.15,436,1000
5,"skewed",0,50,20,0.15,437,1000
7,"skewed",0,50,20,0.15,438,1000
3,"polarized",0,50,20,0.15,439,1000
5,"polarized",0,50,20,0.15,440,1000
7,"polarized",0,50,20,0.15,441,1000
3,"symmetric",0.2,50,20,0.15,442,1000
5,"symmetric",0.2,50,20,0.15,443,1000
7,"symmetric",0.2,50,20,0.15,444,1000
3,"skewed",0.2,50,20,0.15,445,1000
5,"skewed",0.2,50,20,0.15,446,1000
7,"skewed",0.2,50,20,0.15,447,1000
3,"polarized",0.2,50,20,0.15,448,1000
5,"polarized",0.2,50,20,0.15,449,1000
7,"polarized",0.2,50,20,0.15,450,1000
3,"symmetric",0.5,50,20,0.15,451,1000
5,"symmetric",0.5,50,20,0.15,452,1000
7,"symmetric",0.5,50,20,0.15,453,1000
3,"skewed",0.5,50,20,0.15,454,1000
5,"skewed",0.5,50,20,0.15,455,1000
7,"skewed",0.5,50,20,0.15,456,1000
3,"polarized",0.5,50,20,0.15,457,1000
5,"polarized",0.5,50,20,0.15,458,1000
7,"polarized",0.5,50,20,0.15,459,1000
3,"symmetric",0,100,20,0.15,460,2000
5,"symmetric",0,100,20,0.15,461,2000
7,"symmetric",0,100,20,0.15,462,2000
3,"skewed",0,100,20,0.15,463,2000
5,"skewed",0,100,20,0.15,464,2000
7,"skewed",0,100,20,0.15,465,2000
3,"polarized",0,100,20,0.15,466,2000
5,"polarized",0,100,20,0.15,467,2000
7,"polarized",0,100,20,0.15,468,2000
3,"symmetric",0.2,100,20,0.15,469,2000
5,"symmetric",0.2,100,20,0.15,470,2000
7,"symmetric",0.2,100,20,0.15,471,2000
3,"skewed",0.2,100,20,0.15,472,2000
5,"skewed",0.2,100,20,0.15,473,2000
7,"skewed",0.2,100,20,0.15,474,2000
3,"polarized",0.2,100,20,0.15,475,2000
5,"polarized",0.2,100,20,0.15,476,2000
7,"polarized",0.2,100,20,0.15,477,2000
3,"symmetric",0.5,100,20,0.15,478,2000
5,"symmetric",0.5,100,20,0.15,479,2000
7,"symmetric",0.5,100,20,0.15,480,2000
3,"skewed",0.5,100,20,0.15,481,2000
5,"skewed",0.5,100,20,0.15,482,2000
7,"skewed",0.5,100,20,0.15,483,2000
3,"polarized",0.5,100,20,0.15,484,2000
5,"polarized",0.5,100,20,0.15,485,2000
7,"polarized",0.5,100,20,0.15,486,2000
3,"symmetric",0,20,5,0.3,487,100
5,"symmetric",0,20,5,0.3,488,100
7,"symmetric",0,20,5,0.3,489,100
3,"skewed",0,20,5,0.3,490,100
5,"skewed",0,20,5,0.3,491,100
7,"skewed",0,20,5,0.3,492,100
3,"polarized",0,20,5,0.3,493,100
5,"polarized",0,20,5,0.3,494,100
7,"polarized",0,20,5,0.3,495,100
3,"symmetric",0.2,20,5,0.3,496,100
5,"symmetric",0.2,20,5,0.3,497,100
7,"symmetric",0.2,20,5,0.3,498,100
3,"skewed",0.2,20,5,0.3,499,100
5,"skewed",0.2,20,5,0.3,500,100
7,"skewed",0.2,20,5,0.3,501,100
3,"polarized",0.2,20,5,0.3,502,100
5,"polarized",0.2,20,5,0.3,503,100
7,"polarized",0.2,20,5,0.3,504,100
3,"symmetric",0.5,20,5,0.3,505,100
5,"symmetric",0.5,20,5,0.3,506,100
7,"symmetric",0.5,20,5,0.3,507,100
3,"skewed",0.5,20,5,0.3,508,100
5,"skewed",0.5,20,5,0.3,509,100
7,"skewed",0.5,20,5,0.3,510,100
3,"polarized",0.5,20,5,0.3,511,100
5,"polarized",0.5,20,5,0.3,512,100
7,"polarized",0.5,20,5,0.3,513,100
3,"symmetric",0,50,5,0.3,514,250
5,"symmetric",0,50,5,0.3,515,250
7,"symmetric",0,50,5,0.3,516,250
3,"skewed",0,50,5,0.3,517,250
5,"skewed",0,50,5,0.3,518,250
7,"skewed",0,50,5,0.3,519,250
3,"polarized",0,50,5,0.3,520,250
5,"polarized",0,50,5,0.3,521,250
7,"polarized",0,50,5,0.3,522,250
3,"symmetric",0.2,50,5,0.3,523,250
5,"symmetric",0.2,50,5,0.3,524,250
7,"symmetric",0.2,50,5,0.3,525,250
3,"skewed",0.2,50,5,0.3,526,250
5,"skewed",0.2,50,5,0.3,527,250
7,"skewed",0.2,50,5,0.3,528,250
3,"polarized",0.2,50,5,0.3,529,250
5,"polarized",0.2,50,5,0.3,530,250
7,"polarized",0.2,50,5,0.3,531,250
3,"symmetric",0.5,50,5,0.3,532,250
5,"symmetric",0.5,50,5,0.3,533,250
7,"symmetric",0.5,50,5,0.3,534,250
3,"skewed",0.5,50,5,0.3,535,250
5,"skewed",0.5,50,5,0.3,536,250
7,"skewed",0.5,50,5,0.3,537,250
3,"polarized",0.5,50,5,0.3,538,250
5,"polarized",0.5,50,5,0.3,539,250
7,"polarized",0.5,50,5,0.3,540,250
3,"symmetric",0,100,5,0.3,541,500
5,"symmetric",0,100,5,0.3,542,500
7,"symmetric",0,100,5,0.3,543,500
3,"skewed",0,100,5,0.3,544,500
5,"skewed",0,100,5,0.3,545,500
7,"skewed",0,100,5,0.3,546,500
3,"polarized",0,100,5,0.3,547,500
5,"polarized",0,100,5,0.3,548,500
7,"polarized",0,100,5,0.3,549,500
3,"symmetric",0.2,100,5,0.3,550,500
5,"symmetric",0.2,100,5,0.3,551,500
7,"symmetric",0.2,100,5,0.3,552,500
3,"skewed",0.2,100,5,0.3,553,500
5,"skewed",0.2,100,5,0.3,554,500
7,"skewed",0.2,100,5,0.3,555,500
3,"polarized",0.2,100,5,0.3,556,500
5,"polarized",0.2,100,5,0.3,557,500
7,"polarized",0.2,100,5,0.3,558,500
3,"symmetric",0.5,100,5,0.3,559,500
5,"symmetric",0.5,100,5,0.3,560,500
7,"symmetric",0.5,100,5,0.3,561,500
3,"skewed",0.5,100,5,0.3,562,500
5,"skewed",0.5,100,5,0.3,563,500
7,"skewed",0.5,100,5,0.3,564,500
3,"polarized",0.5,100,5,0.3,565,500
5,"polarized",0.5,100,5,0.3,566,500
7,"polarized",0.5,100,5,0.3,567,500
3,"symmetric",0,20,10,0.3,568,200
5,"symmetric",0,20,10,0.3,569,200
7,"symmetric",0,20,10,0.3,570,200
3,"skewed",0,20,10,0.3,571,200
5,"skewed",0,20,10,0.3,572,200
7,"skewed",0,20,10,0.3,573,200
3,"polarized",0,20,10,0.3,574,200
5,"polarized",0,20,10,0.3,575,200
7,"polarized",0,20,10,0.3,576,200
3,"symmetric",0.2,20,10,0.3,577,200
5,"symmetric",0.2,20,10,0.3,578,200
7,"symmetric",0.2,20,10,0.3,579,200
3,"skewed",0.2,20,10,0.3,580,200
5,"skewed",0.2,20,10,0.3,581,200
7,"skewed",0.2,20,10,0.3,582,200
3,"polarized",0.2,20,10,0.3,583,200
5,"polarized",0.2,20,10,0.3,584,200
7,"polarized",0.2,20,10,0.3,585,200
3,"symmetric",0.5,20,10,0.3,586,200
5,"symmetric",0.5,20,10,0.3,587,200
7,"symmetric",0.5,20,10,0.3,588,200
3,"skewed",0.5,20,10,0.3,589,200
5,"skewed",0.5,20,10,0.3,590,200
7,"skewed",0.5,20,10,0.3,591,200
3,"polarized",0.5,20,10,0.3,592,200
5,"polarized",0.5,20,10,0.3,593,200
7,"polarized",0.5,20,10,0.3,594,200
3,"symmetric",0,50,10,0.3,595,500
5,"symmetric",0,50,10,0.3,596,500
7,"symmetric",0,50,10,0.3,597,500
3,"skewed",0,50,10,0.3,598,500
5,"skewed",0,50,10,0.3,599,500
7,"skewed",0,50,10,0.3,600,500
3,"polarized",0,50,10,0.3,601,500
5,"polarized",0,50,10,0.3,602,500
7,"polarized",0,50,10,0.3,603,500
3,"symmetric",0.2,50,10,0.3,604,500
5,"symmetric",0.2,50,10,0.3,605,500
7,"symmetric",0.2,50,10,0.3,606,500
3,"skewed",0.2,50,10,0.3,607,500
5,"skewed",0.2,50,10,0.3,608,500
7,"skewed",0.2,50,10,0.3,609,500
3,"polarized",0.2,50,10,0.3,610,500
5,"polarized",0.2,50,10,0.3,611,500
7,"polarized",0.2,50,10,0.3,612,500
3,"symmetric",0.5,50,10,0.3,613,500
5,"symmetric",0.5,50,10,0.3,614,500
7,"symmetric",0.5,50,10,0.3,615,500
3,"skewed",0.5,50,10,0.3,616,500
5,"skewed",0.5,50,10,0.3,617,500
7,"skewed",0.5,50,10,0.3,618,500
3,"polarized",0.5,50,10,0.3,619,500
5,"polarized",0.5,50,10,0.3,620,500
7,"polarized",0.5,50,10,0.3,621,500
3,"symmetric",0,100,10,0.3,622,1000
5,"symmetric",0,100,10,0.3,623,1000
7,"symmetric",0,100,10,0.3,624,1000
3,"skewed",0,100,10,0.3,625,1000
5,"skewed",0,100,10,0.3,626,1000
7,"skewed",0,100,10,0.3,627,1000
3,"polarized",0,100,10,0.3,628,1000
5,"polarized",0,100,10,0.3,629,1000
7,"polarized",0,100,10,0.3,630,1000
3,"symmetric",0.2,100,10,0.3,631,1000
5,"symmetric",0.2,100,10,0.3,632,1000
7,"symmetric",0.2,100,10,0.3,633,1000
3,"skewed",0.2,100,10,0.3,634,1000
5,"skewed",0.2,100,10,0.3,635,1000
7,"skewed",0.2,100,10,0.3,636,1000
3,"polarized",0.2,100,10,0.3,637,1000
5,"polarized",0.2,100,10,0.3,638,1000
7,"polarized",0.2,100,10,0.3,639,1000
3,"symmetric",0.5,100,10,0.3,640,1000
5,"symmetric",0.5,100,10,0.3,641,1000
7,"symmetric",0.5,100,10,0.3,642,1000
3,"skewed",0.5,100,10,0.3,643,1000
5,"skewed",0.5,100,10,0.3,644,1000
7,"skewed",0.5,100,10,0.3,645,1000
3,"polarized",0.5,100,10,0.3,646,1000
5,"polarized",0.5,100,10,0.3,647,1000
7,"polarized",0.5,100,10,0.3,648,1000
3,"symmetric",0,20,20,0.3,649,400
5,"symmetric",0,20,20,0.3,650,400
7,"symmetric",0,20,20,0.3,651,400
3,"skewed",0,20,20,0.3,652,400
5,"skewed",0,20,20,0.3,653,400
7,"skewed",0,20,20,0.3,654,400
3,"polarized",0,20,20,0.3,655,400
5,"polarized",0,20,20,0.3,656,400
7,"polarized",0,20,20,0.3,657,400
3,"symmetric",0.2,20,20,0.3,658,400
5,"symmetric",0.2,20,20,0.3,659,400
7,"symmetric",0.2,20,20,0.3,660,400
3,"skewed",0.2,20,20,0.3,661,400
5,"skewed",0.2,20,20,0.3,662,400
7,"skewed",0.2,20,20,0.3,663,400
3,"polarized",0.2,20,20,0.3,664,400
5,"polarized",0.2,20,20,0.3,665,400
7,"polarized",0.2,20,20,0.3,666,400
3,"symmetric",0.5,20,20,0.3,667,400
5,"symmetric",0.5,20,20,0.3,668,400
7,"symmetric",0.5,20,20,0.3,669,400
3,"skewed",0.5,20,20,0.3,670,400
5,"skewed",0.5,20,20,0.3,671,400
7,"skewed",0.5,20,20,0.3,672,400
3,"polarized",0.5,20,20,0.3,673,400
5,"polarized",0.5,20,20,0.3,674,400
7,"polarized",0.5,20,20,0.3,675,400
3,"symmetric",0,50,20,0.3,676,1000
5,"symmetric",0,50,20,0.3,677,1000
7,"symmetric",0,50,20,0.3,678,1000
3,"skewed",0,50,20,0.3,679,1000
5,"skewed",0,50,20,0.3,680,1000
7,"skewed",0,50,20,0.3,681,1000
3,"polarized",0,50,20,0.3,682,1000
5,"polarized",0,50,20,0.3,683,1000
7,"polarized",0,50,20,0.3,684,1000
3,"symmetric",0.2,50,20,0.3,685,1000
5,"symmetric",0.2,50,20,0.3,686,1000
7,"symmetric",0.2,50,20,0.3,687,1000
3,"skewed",0.2,50,20,0.3,688,1000
5,"skewed",0.2,50,20,0.3,689,1000
7,"skewed",0.2,50,20,0.3,690,1000
3,"polarized",0.2,50,20,0.3,691,1000
5,"polarized",0.2,50,20,0.3,692,1000
7,"polarized",0.2,50,20,0.3,693,1000
3,"symmetric",0.5,50,20,0.3,694,1000
5,"symmetric",0.5,50,20,0.3,695,1000
7,"symmetric",0.5,50,20,0.3,696,1000
3,"skewed",0.5,50,20,0.3,697,1000
5,"skewed",0.5,50,20,0.3,698,1000
7,"skewed",0.5,50,20,0.3,699,1000
3,"polarized",0.5,50,20,0.3,700,1000
5,"polarized",0.5,50,20,0.3,701,1000
7,"polarized",0.5,50,20,0.3,702,1000
3,"symmetric",0,100,20,0.3,703,2000
5,"symmetric",0,100,20,0.3,704,2000
7,"symmetric",0,100,20,0.3,705,2000
3,"skewed",0,100,20,0.3,706,2000
5,"skewed",0,100,20,0.3,707,2000
7,"skewed",0,100,20,0.3,708,2000
3,"polarized",0,100,20,0.3,709,2000
5,"polarized",0,100,20,0.3,710,2000
7,"polarized",0,100,20,0.3,711,2000
3,"symmetric",0.2,100,20,0.3,712,2000
5,"symmetric",0.2,100,20,0.3,713,2000
7,"symmetric",0.2,100,20,0.3,714,2000
3,"skewed",0.2,100,20,0.3,715,2000
5,"skewed",0.2,100,20,0.3,716,2000
7,"skewed",0.2,100,20,0.3,717,2000
3,"polarized",0.2,100,20,0.3,718,2000
5,"polarized",0.2,100,20,0.3,719,2000
7,"polarized",0.2,100,20,0.3,720,2000
3,"symmetric",0.5,100,20,0.3,721,2000
5,"symmetric",0.5,100,20,0.3,722,2000
7,"symmetric",0.5,100,20,0.3,723,2000
3,"skewed",0.5,100,20,0.3,724,2000
5,"skewed",0.5,100,20,0.3,725,2000
7,"skewed",0.5,100,20,0.3,726,2000
3,"polarized",0.5,100,20,0.3,727,2000
5,"polarized",0.5,100,20,0.3,728,2000
7,"polarized",0.5,100,20,0.3,729,2000
